{"avg":25.772290429952,"histogram":[[0.04,30.2159612],[10.04,27.6171772],[20.04,25.0573824],[30.04,15.2334328],[40.04,23.3091056],[50.04,23.6138736],[60.04,26.3851468],[70.04,22.0373112],[80.04,22.438006],[90.04,26.2503996],[100.04,29.4747168],[110.04,24.4045184],[120.04,27.8544096],[130.04,23.1111176],[140.04,23.3504484],[150.04,23.1332364],[160.04,23.2996436],[170.04,30.109678],[180.04,26.1048868],[190.04,25.254578],[200.04,32.2221836],[210.04,33.3547788],[220.04,25.2770592],[230.04,19.415772],[240.04,26.8370956],[250.04,22.213138],[260.04,20.6029428],[270.04,21.2755684],[280.04,22.2425952],[290.04,18.9418968],[300.04,15.7214116],[310.04,19.1877504],[320.04,15.9148232],[330.04,15.0606328],[340.04,15.9757012],[350.04,17.1867984],[360.04,25.6626176],[370.04,19.2779984],[380.04,16.755024],[390.04,16.90823],[400.04,21.1077524],[410.04,21.280772],[420.04,20.6182972],[430.04,20.8428556],[440.04,22.1021828],[450.04,19.7313084],[460.04,20.4271508],[470.04,21.740386],[480.04,22.6628512],[490.04,20.2429948],[500.04,22.418948],[510.04,22.4143256],[520.04,22.6419404],[530.04,24.0237596],[540.04,18.5291324],[550.04,19.1796364],[560.04,23.7151192],[570.04,22.7210856],[580.04,22.76543],[590.04,23.0548176],[600.04,26.876246],[610.04,23.4469192],[620.04,18.4439684],[630.04,19.0101804],[640.04,23.1534968],[650.04,21.3730112],[660.04,23.2035824],[670.04,22.2657796],[680.04,23.2240524],[690.04,24.8829444],[700.04,25.2704084],[710.04,25.1511596],[720.04,30.3089108],[730.04,29.183222],[740.04,29.3511372],[750.04,29.4354556],[760.04,30.2914984],[770.04,30.5991428],[780.04,28.08656],[790.04,28.179352],[800.04,30.7287264],[810.04,29.8900496],[820.04,28.7439256],[830.04,30.1225532],[840.04,31.3618976],[850.04,32.1261864],[860.04,30.866305179283],[870.04,32.6568132],[880.04,34.2529928],[890.04,33.0795968],[900.04,34.441786],[910.04,36.5902348],[920.04,35.5247032],[930.04,37.1564028],[940.04,39.4502732],[950.04,38.7198108],[960.04,36.9713504],[970.04,41.3501308],[980.04,39.20248],[990.04,43.2198636],[1000.04,45.856892039801]],"max":50.5618,"min":12.1294,"zones":[0.85728444003964,0.12289395441031,0.01982160555005,0,0],"total_time":"1008","date_time":"1636389198989","zone_threshold":[33,42,54,36],"onratio":"0.9799219185722253"}